{
    "width": 640,
    "height": 480,
    "fps": 30,
    "depth_ppx": 317.27362060546875,
    "depth_ppy": 241.23516845703125,
    "depth_fx": 384.98480224609375,
    "depth_fy": 384.98480224609375,
    "color_ppx": 314.939208984375,
    "color_ppy": 243.23779296875,
    "color_fx": 382.2359619140625,
    "color_fy": 381.7373046875
}